Workbook

Sheet Content Calendar
A1: PrimeCode Social Engine - 90-Day Content Calendar
A2: Stage 3 deliverable. Blue text = cells you fill in. Caption is written for the first four posts as a reference for tone; draft the rest against those. Nothing publishes until Status = APPROVED.
A3: Schedule: Tuesday = value (education / business problem). Friday = PrimeCode (project / behind-the-scenes / service / story). Dates start Tuesday 25 August 2026 and run 12 weeks.
A5: Content ID | B5: Week | C5: Publish Date | D5: Day | E5: Series | F5: Pillar | G5: Topic | H5: Audience | I5: Objective | J5: Format | K5: Platform | L5: Hook | M5: Caption | N5: CTA | O5: Visual Template | P5: Visual Brief | Q5: Hashtags | R5: Status | S5: Published URL | T5: Notes
A6: PC-2026-001 | B6: 1 | C6: 46259 | D6: Tue | E6: PrimeCode Journey | F6: Founder / Brand | G6: PrimeCode is building again | H6: Everyone / local community | I6: Reintroduce the brand | J6: Carousel | K6: IG + FB | L6: This page has been quiet. That was deliberate — we were building. | M6: This page has been quiet for a long time. That was not neglect - it was building. PrimeCode Solutions is a software development company based in Phuthaditjhaba. We build websites, web applications and custom software for businesses, schools and organisations - most of them right here in Qwaqwa and the wider Free State. Over the last while we have been doing the work rather than talking about it. Now we would like to do both. From here you will hear from us twice a week: Tuesdays - something useful about technology and business Fridays - what we are building and how we build it No jargon. No pretending to be bigger than we are. Just the work. Follow along. | N6: Follow along. We're posting every Tuesday and Friday. | O6: JOURNEY-01 | P6: Slide 1: bold text on dark background. Slides 2-4: short statements. Final slide: PrimeCode logo + tagline 'Technology that solves real problems.' | Q6: #PrimeCodeSolutions #Qwaqwa #Phuthaditjhaba #SoftwareDevelopment | R6: DRAFT
A7: PC-2026-002 | B7: 1 | C7: 46262 | D7: Fri | E7: PrimeCode Services | F7: Services | G7: What PrimeCode Solutions actually does | H7: Local SMEs / organisations | I7: Explain the offering clearly | J7: Carousel | K7: IG + FB | L7: "So what do you actually build?" Fair question. Here's the honest answer. | M7: "So what do you actually build?" Fair question. Here is the honest answer. WEBSITES Professional, fast sites that work properly on a phone - because that is where your customers are. WEB APPLICATIONS Systems that do something, not just say something. Bookings, registrations, dashboards, portals. CUSTOM SOFTWARE Built around how your business actually works, instead of forcing your business to fit someone else's software. SEO Helping people find you when they search for what you do. And if you are not sure which of those you need - that is a normal place to start. Ask us. We will tell you honestly if you do not need us yet. Send us a message. | N7: Have a problem you think software could solve? Send us a message. | O7: BRAND-01 | P7: 5 slides, one service per slide: Websites / Web applications / Custom software / SEO / 'Not sure which one you need? Ask us.' Icon + short line each. | Q7: #PrimeCodeSolutions #WebDevelopment #CustomSoftware #SmallBusiness | R7: DRAFT
A8: PC-2026-003 | B8: 2 | C8: 46266 | D8: Tue | E8: Tech for Business | F8: Business Problems | G8: Does your business actually need a website? | H8: Local SMEs | I8: Create demand honestly | J8: Carousel | K8: IG + FB | L8: Not every business needs a website. Here's how to tell if yours does. | M8: Not every business needs a website. Some do fine on word of mouth and a busy WhatsApp. But here is how to tell if yours is losing something without one. 1. Customers ask you the same questions every day - your hours, your prices, where you are 2. People cannot find you when they search online 3. Your competitors look more established than you, even when your work is better 4. You are sending photos of your price list on WhatsApp 5. Someone asked for your website and you had to say you do not have one If you ticked three or more, a website is probably costing you customers by not existing. It does not need to be complicated or expensive. It needs to answer the questions your customers are already asking you. Is your business in this position? Tell us in the comments. | N8: Is your business in this position? Tell us in the comments. | O8: BIZ-01 | P8: Checklist-style carousel. Slide 1: the question. Slides 2-6: one 'sign' per slide with a tick icon. Last slide: 'If you ticked 3 or more, let's talk.' | Q8: #SmallBusiness #BusinessTechnology #Qwaqwa #PrimeCodeSolutions | R8: DRAFT
A9: PC-2026-004 | B9: 2 | C9: 46269 | D9: Fri | E9: Build With PrimeCode | F9: Projects | G9: Behind the Build: Thiboloha Special School | H9: Schools / organisations / SMEs | I9: Prove capability with real work | J9: Carousel | K9: IG + FB | L9: A school with a lot to say and nowhere to say it. Here's what we built. | M9: A school has a lot to communicate. Programmes, admissions, achievements, news, contact details - and parents asking about all of it. Thiboloha Special School needed one place where all of that lives, and where a parent can find an answer without phoning the office. WHAT WE BUILT A structured, responsive website covering programmes, admissions, news, achievements and contact information - organised so a parent can find what they need in a few taps, on a phone, on data. WHY THE STRUCTURE MATTERED The hard part was not the design. It was deciding what goes where, so that a large amount of information does not become a maze. PrimeCode Solutions is credited as the developer and maintainer of the site. Does your organisation have a lot to say and nowhere good to say it? Let's talk. | N9: Does your organisation need a proper website? Let's talk. | O9: PROJECT-01 | P9: Laptop + phone mockups of the live site. Slide structure: the problem / what we built / what it does now. Get permission before naming the client. | Q9: #PrimeCodeSolutions #WebDevelopment #FreeState #Qwaqwa | R9: DRAFT
A10: PC-2026-005 | B10: 3 | C10: 46273 | D10: Tue | E10: PrimeCode Insight | F10: Authority | G10: Your business probably doesn't need an app | H10: SMEs / entrepreneurs | I10: Establish a point of view | J10: Single image | K10: IG + FB | L10: Your business probably doesn't need an app. It might need three other things first. | N10: Disagree? Tell us why in the comments. | O10: INSIGHT-01 | P10: Bold statement typography on dark background. No illustration. The sentence is the design. | Q10: #BusinessTechnology #SmallBusiness #PrimeCodeSolutions | R10: IDEA
A11: PC-2026-006 | B11: 3 | C11: 46276 | D11: Fri | E11: PrimeCode Services | F11: Services | G11: From idea to working system: how a PrimeCode project starts | H11: Entrepreneurs / SMEs | I11: Reduce friction to enquiring | J11: Carousel | K11: IG + FB | L11: People think building software starts with code. It starts with a conversation. | N11: Have an idea sitting in your notes app? Send it to us. | O11: BRAND-01 | P11: Numbered process carousel: Conversation / Understanding the problem / Design / Build / Handover. Keep to 5 steps. | Q11: #CustomSoftware #PrimeCodeSolutions #Entrepreneurs #SouthAfrica | R11: IDEA
A12: PC-2026-007 | B12: 4 | C12: 46280 | D12: Tue | E12: PrimeCode Explains | F12: Education | G12: What is an API? (explained without the jargon) | H12: Business owners | I12: Build technical credibility | J12: Carousel | K12: IG + FB | L12: Your booking system talks to your payment system. An API is how. | N12: Save this for the next time a developer says 'API'. | O12: TECH-01 | P12: Simple diagram: two boxes (your website / the payment provider) with an arrow labelled API. Use a restaurant-order analogy on slide 3. | Q12: #PrimeCodeSolutions #SoftwareDevelopment #Technology | R12: IDEA
A13: PC-2026-008 | B13: 4 | C13: 46283 | D13: Fri | E13: PrimeCode Journey | F13: Founder / Brand | G13: Why I started PrimeCode Solutions | H13: Everyone / local community | I13: Humanise the brand | J13: Single image | K13: IG + FB | L13: I kept seeing good businesses here losing customers for one avoidable reason. | N13: What's the one thing you'd fix about your business online? | O13: JOURNEY-01 | P13: Photo of Retshidi at the desk / with a laptop. Real photo, not a stock image. Caption carries the story. | Q13: #PrimeCodeSolutions #Qwaqwa #Phuthaditjhaba #FoundersJourney | R13: IDEA
A14: PC-2026-009 | B14: 5 | C14: 46287 | D14: Tue | E14: Tech for Business | F14: Business Problems | G14: Still taking bookings on WhatsApp? | H14: Service businesses / salons / gyms | I14: Create demand | J14: Carousel | K14: IG + FB | L14: WhatsApp bookings work — right up until they don't. | N14: How many bookings do you handle a week? Comment below. | O14: BIZ-01 | P14: Split-screen visual: messy chat thread vs clean booking screen. Slides: when WhatsApp is fine / when it breaks / what a booking system does. | Q14: #SmallBusiness #BusinessTechnology #Qwaqwa #PrimeCodeSolutions | R14: IDEA
A15: PC-2026-010 | B15: 5 | C15: 46290 | D15: Fri | E15: Behind the Code | F15: Behind the Code | G15: Behind the Code: what happens when you click 'Submit' | H15: Technical + curious business audience | I15: Demonstrate capability | J15: Carousel | K15: IG + FB | L15: You click Submit. Six things happen before you see 'Thank you'. | N15: Want to see more of how this works? Let us know. | O15: CODE-01 | P15: Flow diagram: browser to server to validation to database to response. Real editor screenshot on one slide. | Q15: #BehindTheCode #SoftwareDevelopment #PrimeCodeSolutions | R15: IDEA
A16: PC-2026-011 | B16: 6 | C16: 46294 | D16: Tue | E16: Digital Transformation in Qwaqwa | F16: Community | G16: What if your local gym had online membership? | H16: Local business owners | I16: Make transformation tangible | J16: Carousel | K16: IG + FB | L16: Imagine a gym in Phuthaditjhaba where members sign up from their phones. | N16: Which local business would you most like to see do this? | O16: LOCAL-01 | P16: Before/after concept frames. Keep it clearly illustrative — do not imply a real client unless one has agreed. | Q16: #Qwaqwa #Phuthaditjhaba #DigitalTransformation #SmallBusiness | R16: IDEA
A17: PC-2026-012 | B17: 6 | C17: 46297 | D17: Fri | E17: Build With PrimeCode | F17: Projects | G17: Behind the Build: BZ Fitness and Wellness | H17: Local SMEs | I17: Prove capability locally | J17: Carousel | K17: IG + FB | L17: A community fitness business in Tseki needed more than a Facebook page. | N17: Running something similar? Let's talk about what you'd need. | O17: PROJECT-01 | P17: Phone mockups showing programmes, pricing and WhatsApp enquiry flow. Confirm client permission first. | Q17: #PrimeCodeSolutions #WebDevelopment #FreeState #SmallBusiness | R17: IDEA
A18: PC-2026-013 | B18: 7 | C18: 46301 | D18: Tue | E18: Tech for Business | F18: Business Problems | G18: When a spreadsheet stops being enough | H18: SMEs with manual processes | I18: Create demand | J18: Carousel | K18: IG + FB | L18: Spreadsheets are excellent. Until four people need the same one at the same time. | N18: Still running your business on a spreadsheet? You're not alone — tell us what it tracks. | O18: BIZ-01 | P18: Slides: what spreadsheets do well / four warning signs / what a proper system changes. | Q18: #SmallBusiness #BusinessTechnology #CustomSoftware #PrimeCodeSolutions | R18: IDEA
A19: PC-2026-014 | B19: 7 | C19: 46304 | D19: Fri | E19: Behind the Code | F19: Behind the Code | G19: Behind the Code: how we design a database before writing any code | H19: Technical + business audience | I19: Demonstrate rigour | J19: Carousel | K19: IG + FB | L19: Before we write a single line of code, we draw boxes and arrows. | N19: Save this if you're learning to build systems. | O19: CODE-01 | P19: Clean ER-style diagram (customers / bookings / services). Use a real diagram from a project or a neutral demo. | Q19: #BehindTheCode #SoftwareDevelopment #Databases #PrimeCodeSolutions | R19: IDEA
A20: PC-2026-015 | B20: 8 | C20: 46308 | D20: Tue | E20: PrimeCode Explains | F20: Education | G20: Website vs web application — what's the difference? | H20: Business owners | I20: Build credibility | J20: Carousel | K20: IG + FB | L20: A website tells people about your business. A web application runs part of it. | N20: Which one does your business actually need? Ask us. | O20: TECH-01 | P20: Two-column comparison graphic with clear examples under each. | Q20: #PrimeCodeSolutions #WebDevelopment #Technology #SmallBusiness | R20: IDEA
A21: PC-2026-016 | B21: 8 | C21: 46311 | D21: Fri | E21: Build With PrimeCode | F21: Projects | G21: Behind the Build: Deliwe Legacy | H21: Established businesses / multi-service companies | I21: Show range | J21: Carousel | K21: IG + FB | L21: One company. Multiple divisions. One website that had to make sense of all of it. | N21: Got a complex business to present online? That's the kind of problem we enjoy. | O21: PROJECT-01 | P21: Desktop mockups showing the structure. Emphasise information architecture, not decoration. Confirm client permission. | Q21: #PrimeCodeSolutions #WebDevelopment #SouthAfrica #BusinessTechnology | R21: IDEA
... A29: PC-2026-024 | B29: 12 | C29: 46339 | D29: Fri | E29: PrimeCode Insight | F29: Authority | G29: What 'digital transformation' actually means for a small business here | H29: Local SMEs / community | I29: Close the 90 days with the core message | J29: Carousel | K29: IG + FB | L29: Digital transformation is a big phrase for a small idea: stop doing by hand what a system can do. | N29: What would you automate first in your business? | O29: INSIGHT-01 | P29: Strong typographic opener, then three plain-language examples grounded in local businesses. | Q29: #DigitalTransformation #Qwaqwa #Phuthaditjhaba #PrimeCodeSolutions | R29: IDEA

Sheet Ideas Backlog
A1: Ideas Backlog
A2: Dumping ground. When you think 'that would make a good post', put it here. Pull from this list when a calendar slot needs filling.
A4: # | B4: Idea | C4: Series | D4: Pillar | E4: Source / Trigger | F4: Priority
A5: 1 | B5: What is HTTPS and why the padlock matters | C5: PrimeCode Explains | D5: Education | E5: Client asked this in a meeting | F5: High
A6: 2 | B6: Frontend vs backend, explained with a restaurant | C6: PrimeCode Explains | D6: Education
A7: 3 | B7: What is cloud hosting? | C7: PrimeCode Explains | D7: Education
A8: 4 | B8: What is authentication vs authorisation? | C8: PrimeCode Explains | D8: Education
A9: 5 | B9: What happens when you type a web address? | C9: PrimeCode Explains | D9: Education
A10: 6 | B10: Why your business needs backups | C10: Tech for Business | D10: Business Problems
A11: 7 | B11: How online booking saves a service business time | C11: Tech for Business | D11: Business Problems
A12: 8 | B12: What a customer portal could do for your business | C12: Tech for Business | D12: Business Problems
A13: 9 | B13: When custom software actually makes sense | C13: Tech for Business | D13: Business Problems
A14: 10 | B14: Why you shouldn't reuse the same password | C14: Tech for Business | D14: Business Problems
A15: 11 | B15: How a Google Business Profile helps local businesses | C15: Tech for Business | D15: Business Problems
A16: 12 | B16: Behind the Code: how we handle a login system | C16: Behind the Code | D16: Behind the Code
A17: 13 | B17: Behind the Code: what testing actually looks like | C17: Behind the Code | D17: Behind the Code
... A32: 28 | B32: What you get when you work with PrimeCode | C32: PrimeCode Services | D32: Services
B34: Row 5 shows the expected format for the two columns you fill in.

Sheet Analytics
A1: Post Performance
A2: Fill the blue columns roughly 7 days after each post publishes. Reach, likes, comments, saves, shares and profile clicks all come from Meta Business Suite > Insights. Topic and date fill themselves.
A4: Content ID | B4: Topic | C4: Publish Date | D4: Platform | E4: Reach | F4: Likes | G4: Comments | H4: Saves | I4: Shares | J4: Profile Clicks | K4: Total Engagement | L4: Engagement Rate | M4: Lessons Learned
A5: PC-2026-001 | B5: =IFERROR(INDEX('Content Calendar'!$G$6:$G$29,MATCH($A5,'Content Calendar'!$A$6:$A$29,0)),"") -> PrimeCode is building again | C5: =IFERROR(INDEX('Content Calendar'!$C$6:$C$29,MATCH($A5,'Content Calendar'!$A$6:$A$29,0)),"") -> 46259 | D5: =IFERROR(INDEX('Content Calendar'!$K$6:$K$29,MATCH($A5,'Content Calendar'!$A$6:$A$29,0)),"") -> IG + FB | K5: =SUM(F5:J5) -> 0 | L5: =IFERROR(K5/E5,"")
A6: PC-2026-002 | B6: =IFERROR(INDEX('Content Calendar'!$G$6:$G$29,MATCH($A6,'Content Calendar'!$A$6:$A$29,0)),"") -> What PrimeCode Solutions actually does | C6: =IFERROR(INDEX('Content Calendar'!$C$6:$C$29,MATCH($A6,'Content Calendar'!$A$6:$A$29,0)),"") -> 46262 | D6: =IFERROR(INDEX('Content Calendar'!$K$6:$K$29,MATCH($A6,'Content Calendar'!$A$6:$A$29,0)),"") -> IG + FB | K6: =SUM(F6:J6) -> 0 | L6: =IFERROR(K6/E6,"")
A7: PC-2026-003 | B7: =IFERROR(INDEX('Content Calendar'!$G$6:$G$29,MATCH($A7,'Content Calendar'!$A$6:$A$29,0)),"") -> Does your business actually need a website? | C7: =IFERROR(INDEX('Content Calendar'!$C$6:$C$29,MATCH($A7,'Content Calendar'!$A$6:$A$29,0)),"") -> 46266 | D7: =IFERROR(INDEX('Content Calendar'!$K$6:$K$29,MATCH($A7,'Content Calendar'!$A$6:$A$29,0)),"") -> IG + FB | K7: =SUM(F7:J7) -> 0 | L7: =IFERROR(K7/E7,"")
A8: PC-2026-004 | B8: =IFERROR(INDEX('Content Calendar'!$G$6:$G$29,MATCH($A8,'Content Calendar'!$A$6:$A$29,0)),"") -> Behind the Build: Thiboloha Special School | C8: =IFERROR(INDEX('Content Calendar'!$C$6:$C$29,MATCH($A8,'Content Calendar'!$A$6:$A$29,0)),"") -> 46269 | D8: =IFERROR(INDEX('Content Calendar'!$K$6:$K$29,MATCH($A8,'Content Calendar'!$A$6:$A$29,0)),"") -> IG + FB | K8: =SUM(F8:J8) -> 0 | L8: =IFERROR(K8/E8,"")
A9: PC-2026-005 | B9: =IFERROR(INDEX('Content Calendar'!$G$6:$G$29,MATCH($A9,'Content Calendar'!$A$6:$A$29,0)),"") -> Your business probably doesn't need an app | C9: =IFERROR(INDEX('Content Calendar'!$C$6:$C$29,MATCH($A9,'Content Calendar'!$A$6:$A$29,0)),"") -> 46273 | D9: =IFERROR(INDEX('Content Calendar'!$K$6:$K$29,MATCH($A9,'Content Calendar'!$A$6:$A$29,0)),"") -> IG + FB | K9: =SUM(F9:J9) -> 0 | L9: =IFERROR(K9/E9,"")
A10: PC-2026-006 | B10: =IFERROR(INDEX('Content Calendar'!$G$6:$G$29,MATCH($A10,'Content Calendar'!$A$6:$A$29,0)),"") -> From idea to working system: how a PrimeCode project starts | C10: =IFERROR(INDEX('Content Calendar'!$C$6:$C$29,MATCH($A10,'Content Calendar'!$A$6:$A$29,0)),"") -> 46276 | D10: =IFERROR(INDEX('Content Calendar'!$K$6:$K$29,MATCH($A10,'Content Calendar'!$A$6:$A$29,0)),"") -> IG + FB | K10: =SUM(F10:J10) -> 0 | L10: =IFERROR(K10/E10,"")
A11: PC-2026-007 | B11: =IFERROR(INDEX('Content Calendar'!$G$6:$G$29,MATCH($A11,'Content Calendar'!$A$6:$A$29,0)),"") -> What is an API? (explained without the jargon) | C11: =IFERROR(INDEX('Content Calendar'!$C$6:$C$29,MATCH($A11,'Content Calendar'!$A$6:$A$29,0)),"") -> 46280 | D11: =IFERROR(INDEX('Content Calendar'!$K$6:$K$29,MATCH($A11,'Content Calendar'!$A$6:$A$29,0)),"") -> IG + FB | K11: =SUM(F11:J11) -> 0 | L11: =IFERROR(K11/E11,"")
A12: PC-2026-008 | B12: =IFERROR(INDEX('Content Calendar'!$G$6:$G$29,MATCH($A12,'Content Calendar'!$A$6:$A$29,0)),"") -> Why I started PrimeCode Solutions | C12: =IFERROR(INDEX('Content Calendar'!$C$6:$C$29,MATCH($A12,'Content Calendar'!$A$6:$A$29,0)),"") -> 46283 | D12: =IFERROR(INDEX('Content Calendar'!$K$6:$K$29,MATCH($A12,'Content Calendar'!$A$6:$A$29,0)),"") -> IG + FB | K12: =SUM(F12:J12) -> 0 | L12: =IFERROR(K12/E12,"")
A13: PC-2026-009 | B13: =IFERROR(INDEX('Content Calendar'!$G$6:$G$29,MATCH($A13,'Content Calendar'!$A$6:$A$29,0)),"") -> Still taking bookings on WhatsApp? | C13: =IFERROR(INDEX('Content Calendar'!$C$6:$C$29,MATCH($A13,'Content Calendar'!$A$6:$A$29,0)),"") -> 46287 | D13: =IFERROR(INDEX('Content Calendar'!$K$6:$K$29,MATCH($A13,'Content Calendar'!$A$6:$A$29,0)),"") -> IG + FB | K13: =SUM(F13:J13) -> 0 | L13: =IFERROR(K13/E13,"")
A14: PC-2026-010 | B14: =IFERROR(INDEX('Content Calendar'!$G$6:$G$29,MATCH($A14,'Content Calendar'!$A$6:$A$29,0)),"") -> Behind the Code: what happens when you click 'Submit' | C14: =IFERROR(INDEX('Content Calendar'!$C$6:$C$29,MATCH($A14,'Content Calendar'!$A$6:$A$29,0)),"") -> 46290 | D14: =IFERROR(INDEX('Content Calendar'!$K$6:$K$29,MATCH($A14,'Content Calendar'!$A$6:$A$29,0)),"") -> IG + FB | K14: =SUM(F14:J14) -> 0 | L14: =IFERROR(K14/E14,"")
A15: PC-2026-011 | B15: =IFERROR(INDEX('Content Calendar'!$G$6:$G$29,MATCH($A15,'Content Calendar'!$A$6:$A$29,0)),"") -> What if your local gym had online membership? | C15: =IFERROR(INDEX('Content Calendar'!$C$6:$C$29,MATCH($A15,'Content Calendar'!$A$6:$A$29,0)),"") -> 46294 | D15: =IFERROR(INDEX('Content Calendar'!$K$6:$K$29,MATCH($A15,'Content Calendar'!$A$6:$A$29,0)),"") -> IG + FB | K15: =SUM(F15:J15) -> 0 | L15: =IFERROR(K15/E15,"")
A16: PC-2026-012 | B16: =IFERROR(INDEX('Content Calendar'!$G$6:$G$29,MATCH($A16,'Content Calendar'!$A$6:$A$29,0)),"") -> Behind the Build: BZ Fitness and Wellness | C16: =IFERROR(INDEX('Content Calendar'!$C$6:$C$29,MATCH($A16,'Content Calendar'!$A$6:$A$29,0)),"") -> 46297 | D16: =IFERROR(INDEX('Content Calendar'!$K$6:$K$29,MATCH($A16,'Content Calendar'!$A$6:$A$29,0)),"") -> IG + FB | K16: =SUM(F16:J16) -> 0 | L16: =IFERROR(K16/E16,"")
... A28: PC-2026-024 | B28: =IFERROR(INDEX('Content Calendar'!$G$6:$G$29,MATCH($A28,'Content Calendar'!$A$6:$A$29,0)),"") -> What 'digital transformation' actually means for a small business here | C28: =IFERROR(INDEX('Content Calendar'!$C$6:$C$29,MATCH($A28,'Content Calendar'!$A$6:$A$29,0)),"") -> 46339 | D28: =IFERROR(INDEX('Content Calendar'!$K$6:$K$29,MATCH($A28,'Content Calendar'!$A$6:$A$29,0)),"") -> IG + FB | K28: =SUM(F28:J28) -> 0 | L28: =IFERROR(K28/E28,"")
A30: TOTALS / AVERAGE | E30: =SUM(E5:E28) -> 0 | F30: =SUM(F5:F28) -> 0 | G30: =SUM(G5:G28) -> 0 | H30: =SUM(H5:H28) -> 0 | I30: =SUM(I5:I28) -> 0 | J30: =SUM(J5:J28) -> 0 | K30: =SUM(K5:K28) -> 0 | L30: =IFERROR(K30/E30,"")

Sheet Brand Knowledge
A1: Brand Knowledge - single source of truth
A2: Condensed from the Stage 1 Brand Brain. Paste this sheet into Claude (or a Claude Project) before asking for any PrimeCode content. Source: primecode-brand-brain.md, Stage 1.
A4: Field | B4: Value
A5: Company name | B5: PrimeCode Solutions
A6: One-line positioning | B6: PrimeCode Solutions helps businesses turn ideas and real-world problems into practical digital solutions.
A7: Primary geography | B7: Phuthaditjhaba / Qwaqwa / Free State, expanding to broader South Africa
A8: Current services (may be sold) | B8: Website development; Web applications; Custom software; SEO
A9: Future services (educational mention only) | B9: Mobile apps; Backend/API development; System integration; IT support; UI/UX; Automation
A10: Primary audience | B10: Local SMEs needing a digital presence or replacing manual processes
A11: Secondary audiences | B11: Startups; schools; entrepreneurs with software ideas; NGOs and community organisations
A12: Brand personality | B12: Reliable; friendly; affordable-but-not-cheap; community-oriented; approachable; innovative; educational
A13: Voice formula | B13: Here's the problem. Here's why it happens. Here's how technology can help.
A14: Words to prefer | B14: business, customer, problem, solution, website, system, practical, simple, useful, build, improve
A15: Words to avoid | B15: revolutionise, disrupt, synergy, next-generation, game-changing, cutting-edge, world-class, leverage
... A22: Approval rule | B22: Nothing publishes without a human check on accuracy, authenticity, brand fit, visual quality and CTA

Sheet Reference
A1: Reference - series mix, visual templates, CTA library, workflow
A3: Series mix across the 24 posts
A4: Series | B4: Posts Scheduled | C4: % of Calendar
A5: PrimeCode Explains | B5: =COUNTIF('Content Calendar'!$E$6:$E$29,$A5) -> 3 | C5: =IFERROR(B5/$B$13,"") -> 0.125
A6: Tech for Business | B6: =COUNTIF('Content Calendar'!$E$6:$E$29,$A6) -> 6 | C6: =IFERROR(B6/$B$13,"") -> 0.25
A7: Behind the Code | B7: =COUNTIF('Content Calendar'!$E$6:$E$29,$A7) -> 3 | C7: =IFERROR(B7/$B$13,"") -> 0.125
A8: Build With PrimeCode | B8: =COUNTIF('Content Calendar'!$E$6:$E$29,$A8) -> 3 | C8: =IFERROR(B8/$B$13,"") -> 0.125
A9: PrimeCode Insight | B9: =COUNTIF('Content Calendar'!$E$6:$E$29,$A9) -> 2 | C9: =IFERROR(B9/$B$13,"") -> 0.083333333
A10: PrimeCode Journey | B10: =COUNTIF('Content Calendar'!$E$6:$E$29,$A10) -> 3 | C10: =IFERROR(B10/$B$13,"") -> 0.125
A11: Digital Transformation in Qwaqwa | B11: =COUNTIF('Content Calendar'!$E$6:$E$29,$A11) -> 2 | C11: =IFERROR(B11/$B$13,"") -> 0.083333333
A12: PrimeCode Services | B12: =COUNTIF('Content Calendar'!$E$6:$E$29,$A12) -> 2 | C12: =IFERROR(B12/$B$13,"") -> 0.083333333
A13: Total | B13: =SUM(B5:B12) -> 24 | C13: =IFERROR(B13/B13,"") -> 1
A15: Visual templates
A16: Template Code | B16: Used By | C16: Design Direction
A17: TECH-01 | B17: PrimeCode Explains | C17: Large question headline on dark background, simple diagram, logo bottom-right
A18: BIZ-01 | B18: Tech for Business | C18: Problem statement slide 1, solution slides after, tick/cross iconography
A19: CODE-01 | B19: Behind the Code | C19: Screenshot or diagram-led, monospace accents, minimal copy
A20: PROJECT-01 | B20: Build With PrimeCode | C20: Device mockup of the live site, problem/approach/result structure
A21: INSIGHT-01 | B21: PrimeCode Insight | C21: Typography only. The sentence is the design.
A22: BRAND-01 | B22: PrimeCode Services | C22: Service icon + short line, consistent grid, brand colours
A23: JOURNEY-01 | B23: PrimeCode Journey | C23: Real photograph, light text overlay, long caption does the work
A24: LOCAL-01 | B24: Digital Transformation in Qwaqwa | C24: 'What if...' framing, local imagery, before/after concept frames
A26: CTA library
A27: CTA Type | B27: Wording
A28: Educational | B28: Save this for later.
A29: Engagement | B29: What would you automate in your business?
A30: Business | B30: Is your business dealing with this problem?
A31: Service | B31: Need something like this for your business? Let's talk.
A32: Project | B32: Have an idea for a system? PrimeCode can help you explore it.
A33: Community | B33: What would you like to see more businesses in Qwaqwa doing digitally?
A34: Website | B34: Explore what PrimeCode can build for your business.
A35: Discussion | B35: Would you choose a website or an app?
A37: Status workflow
A38: IDEA -> SELECTED -> DRAFT -> AI_REVIEW -> HUMAN_REVIEW -> REVISION -> APPROVED -> SCHEDULED -> PUBLISHED -> ANALYSED -> ARCHIVED
A40: Only APPROVED or SCHEDULED posts may be loaded into Meta Business Suite. Human check before approval: accuracy, authenticity, brand fit, visual quality, CTA, and whether any client claim can be substantiated.
